BaseSKU;Name;Series;Type;Inner_L;Inner_W;Inner_H;Outer_L;Outer_W;Outer_H;Niche_L;Niche_W;Niche_H;CenterDist;Vlaga;Voltage;PackCount;WorkingTemp;Material;FireResistance;CoverMaterial;D_t;d_t;B_t;H_t;Config_ID;Inner_is_dia;Outer_is_dia;Niche_is_dia;d1_t;d2_t;h_t;B1;B2;b1;b2;b3;b4;h1;h2;b_t;InletCount;MaxPipeDiam;MaxCableDiam;B3;B4;B5;B6;H_tech;h_tech;M_H;Note
КУ1101;Коробка установочная КУ1101;series11;Сплошные стены;64;;40;;;;48;;42;71;IP20;400В;288;-25...+60;Полипропилен;650 С;;69;64;83;42;1;;;;;;;;;;;;;;;;;;;;;;;;;;
КУ1102;Коробка установочная КУ1102;series11;Сплошные стены;64;;60;;;;68;;62;71;IP20;400В;192;-25...+60;Полипропилен;650 С;;69;64;83;62;1;1;0;1;;;;;;;;;;;;;;;;;;;;;;;
КУ1103;Коробка установочная КУ1103;series11;Сплошные стены;60;;40;;;;64;;42;71;IP20;400В;378;-25...+60;Полипропилен;650 С;;65;60;82;42;1;1;0;1;;;;;;;;;;;;;;;;;;;;;;;
КУ1104;Коробка установочная КУ1104;series11;Сплошные стены;60;;60;;;;64;;62;71;IP20;400В;216;-25...+60;Полипропилен;650 С;;65;60;82;62;1;1;0;1;;;;;;;;;;;;;;;;;;;;;;;
КУ1105;Коробка установочная КУ1105;series11;Сплошные стены;60;;38;;;;64;;40;71;IP20;400В;378;-25...+60;Полипропилен;650 С;;66;;;;2;1;0;1;64;60;40;;;;;;;;;;;;;;;;;;;;
КУ1106;Коробка установочная КУ1106;series11;Сплошные стены;64;;38;;;;68;;40;71;IP20;400В;336;-25...+60;Полипропилен;650 С;;70;;;;2;1;0;1;68;64;40;;;;;;;;;;;;;;;;;;;;
КР1101;Коробка разветвительная КР1101;series11;Сплошные стены;90;90;49,5;;;;102;102;50;71;IP20;400В;91;-25...+60;Полипропилен;650 С;;;;;52;3;0;0;0;;;;118;118;102;89;102;89;40;50;;;;;;;;;;;;
КР1102;Коробка разветвительная КР1102;series11;Сплошные стены;112;92;58,5;;;;120;100;60;71;IP20;400В;60;-25...+60;Полипропилен;650 С;;;;;62;3;0;0;0;;;;138;118;120;108;100;88;50;60;;;;;;;;;;;;
КР1103;Коробка разветвительная КР1103;series11;Сплошные стены;149;119;68,5;;;;160;130;70;71;IP20;400В;36;-25...+60;Полипропилен;650 С;;;;;72;3;0;0;0;;;;179;149;160;146;130;116;60;70;;;;;;;;;;;;
КР1104;Коробка разветвительная КР1104;series11;Сплошные стены;188;148;68,5;;;;200;160;70;71;IP20;400В;24;-25...+60;Полипропилен;650 С;;;;;72;3;0;0;0;;;;219;179;200;186;160;146;60;70;;;;;;;;;;;;
КР1105;Коробка разветвительная КР1105;series11;Сплошные стены;97;;38,5;;;;104;;40;71;IP20;400В;126;-25...+60;Полипропилен;650 С;;116;104;42;;4;1;0;1;;;;;;;;;;;;31;;;;;;;;;;;
У191;Коробка разветвительная У191;series11;Сплошные стены;93;;13;;;;96;;14;71;IP20;400В;60;-25...+60;Полипропилен;650 С;;106;100;20;;4;1;0;1;;;;;;;;;;;;15;;;;;;;;;;;
У192;Коробка разветвительная У192;series11;Сплошные стены;93;;28;;;;96;;30;71;IP20;400В;192;-25...+60;Полипропилен;650 С;;106;100;35;;4;1;0;1;;;;;;;;;;;;30;;;;;;;;;;;
У194;Коробка разветвительная У194;series11;Сплошные стены;68;;13;;;;70;;14;71;IP20;400В;100;-25...+60;Полипропилен;650 С;;80;74;20;;4;1;0;1;;;;;;;;;;;;13;;;;;;;;;;;
У195;Коробка разветвительная У195;series11;Сплошные стены;68;;28;;;;70;;30;71;IP20;400В;324;-25...+60;Полипропилен;650 С;;80;74;35;;4;1;0;1;;;;;;;;;;;;30;;;;;;;;;;;
КУ1201;Коробка установочная КУ1201;series12;Полые стены и перегородки;64;;44;;;;68;;45;71;IP20;400В;288;-25...+60;Полипропилен с антипиреном;850 С;;81;;;45;5;1;0;1;65;68;;;;;;;;;;;;;;;;;;;;;
КУ1202;Коробка установочная КУ1202;series12;Полые стены и перегородки;65;;44;;;;68;;45;71;IP20;400В;288;-25...+60;Полипропилен с антипиреном;850 С;;74;;;45;5;1;0;1;65;68;;;;;;;;;;;;;;;;;;;;;
КУ1203;Коробка установочная КУ1203;series12;Полые стены и перегородки;65;;39;;;;68;;40;71;IP20;400В;336;-25...+60;Полипропилен с антипиреном;850 С;;81;;;40;5;1;0;1;65;68;;;;;;;;;;;;;;;;;;;;;
КУ1204;Коробка установочная КУ1204;series12;Полые стены и перегородки;65;;39;;;;68;;40;71;IP20;400В;336;-25...+60;Полипропилен с антипиреном;850 С;;74;;;40;5;1;0;1;65;68;;;;;;;;;;;;;;;;;;;;;
КУ1205;Коробка установочная КУ1205;series12;Полые стены и перегородки;65;;59;;;;68;;60;71;IP20;400В;240;-25...+60;Полипропилен с антипиреном;850 С;;74;;;60;5;1;0;1;65;68;;;;;;;;;;;;;;;;;;;;;
КУ1206;Коробка установочная КУ1206;series12;Полые стены и перегородки;64;;44;;;;68;;45;71;IP20;400В;288;-25...+60;Полипропилен с антипиреном;850 С;;81;;;45;5;1;0;1;65;68;;;;;;;;;;;;;;;;;;;;;
КР1201;Коробка разветвительная КР1201;series12;Полые стены и перегородки;;;;113;113;45;106;106;45;71;IP20;400В;100;-25...+60;Полипропилен с антипиреном;850 С;;;;;47;6;0;0;0;;;45;129;129;107;107;;;;;;;;;;;;;;;;
КР1202;Коробка разветвительная КР1202;series12;Полые стены и перегородки;;;;86;;45;80;;45;71;IP20;400В;180;-25...+60;Полипропилен с антипиреном;850 С;;96;;;46,5;6;0;1;1;;;44;;;80;77;;;;;;;;;;;;;;;;
КР1203;Коробка разветвительная КР1203;series12;Полые стены и перегородки;;;;126;106;50;120;100;50;71;IP20;400В;81;-25...+60;Полипропилен с антипиреном;850 С;;;;;52;6;0;0;0;;;50;142;122;120;100;;;;;;;;;;;;;;;;
КР1204;Коробка разветвительная КР1204;series12;Полые стены и перегородки;;;;166;146;70;160;140;70;71;IP20;400В;32;-25...+60;Полипропилен с антипиреном;850 С;;;;;72;6;0;0;0;;;70;182;162;160;140;;;;;;;;;;;;;;;;
КР1205;Коробка разветвительная КР1205;series12;Полые стены и перегородки;;;;206;166;70;200;160;70;71;IP20;400В;24;-25...+60;Полипропилен с антипиреном;850 С;;;;;72;6;0;0;0;;;70;222;182;200;160;;;;;;;;;;;;;;;;
КУ1301;Коробка установочная КУ1301;series13;Для монолитного строительства;70;;66,5;;;;;;;71;IP20;400В;160;-25...+60;Полипропилен;650 С;;;;;;7;1;0;0;;;;;;;;;;;;;4;20,25;;;;;;;;72;
КР1301;Коробка разветвительная КР1301;series13;Для монолитного строительства;118;76;58;;;;;;;71;IP20;400В;72;-25...+60;Полипропилен;650 С;;;;;;7;0;0;0;;;;;;;;;;;;;8;20,25;;;;;;;;64;
КР2501;Коробка разветвительная КР2501;series25;Открытой установки;81;38;30;;;;;;;71;IP20;400В;112;-25...+60;Полипропилен и ПВД;650 С;;;;;35;8;0;0;0;;;31;83;42;76;38;;;;;;10;;15;95;47;106;88;;;;
КР2502;Коробка разветвительная КР2502;series25;Открытой установки;72;72;31;;;;;;;71;IP20;400В;66;-25...+60;Полипропилен и ПВД;650 С;;;;;35;8;0;0;0;;;31;75;75;60;69;;;;;;12;;14;85;80;97;80;;;;
КР2503;Коробка разветвительная КР2503;series25;Открытой установки;87;87;31;;;;;;;71;IP20;400В;66;-25...+60;Полипропилен и ПВД;650 С;;;;;35;8;0;0;0;;;31;90;90;75;84;;;;;;12;;18;100;95;112;95;;;;
КР2504;Коробка разветвительная КР2504;series25;Открытой установки;103;103;32;;;;;;;71;IP20;400В;50;-25...+60;Полипропилен и ПВД;650 С;;;;;35;8;0;0;0;;;31;105;105;91;97;;;;;;16;;18;115;110;128;110;;;;
КР2601;Коробка разветвительная КР2601;series26;Открытой установки;65;;;;;;;;;71;IP20;400В;260;-25...+60;Полипропилен и ПВД;650 С;;75;;83;42;9;1;0;0;68;65;40;;;;;;;;;;4;;20;;;;;;;;
КР2602;Коробка разветвительная КР2602;series26;Открытой установки;85;;40;;;;;;;71;IP20;400В;150;-25...+60;Полипропилен и ПВД;650 С;;95;;103;42;9;1;0;0;88;85;48;;;;;;;;;;4;;20;;;;;;;;
КР2603;Коробка разветвительная КР2603;series26;Открытой установки;85;85;40;;;;;;;71;IP20;400В;147;-25...+60;Полипропилен и ПВД;650 С;;;;;44;6;0;0;0;;;40;95;109;89;85;;;;;;;;;;;;;;;;
КР2604;Коробка разветвительная КР2604;series26;Открытой установки;100;100;50;;;;;;;71;IP20;400В;74;-25...+60;Полипропилен и ПВД;650 С;;;;;52;6;0;0;0;;;48;110;129;104;100;;;;;;;;;;;;;;;;
КР2605;Коробка разветвительная КР2605;series26;Открытой установки;70;70;40;;;;;;;71;IP20;400В;174;-25...+60;Полипропилен и ПВД;650 С;;;;;44;6;0;0;0;;;40;80;94;74;70;;;;;;;;;;;;;;;;
КР2606;Коробка разветвительная КР2606;series26;Открытой установки;150;110;70;;;;;;;71;IP20;400В;36;-25...+60;Полипропилен и ПВД;650 С;;;;;;10;0;0;0;;;;122;164;112;110;152;150;;;;10;;32;162;186;;;74;70;;
КР2606-01;Коробка разветвительная КР2606-01;series26;Открытой установки;150;110;70;;;;;;;71;IP20;400В;48;-25...+60;Полипропилен и ПВД;650 С;;;;;;10;0;0;0;;;;122;-;112;110;152;150;;;;-;;-;162;-;;;74;70;;
КР2607;Коробка разветвительная КР2607;series26;Открытой установки;190;140;70;;;;;;;71;IP20;400В;24;-25...+60;Полипропилен и ПВД;650 С;;;;;;10;0;0;0;;;;152;175;142;140;192;190;;;;10;;32;202;225;;;74;70;;
КР2607-01;Коробка разветвительная КР2607-01;series26;Открытой установки;190;140;70;;;;;;;71;IP20;400В;30;-25...+60;Полипропилен и ПВД;650 С;;;;;;10;0;0;0;;;;152;-;142;140;192;190;;;;-;;-;202;-;;;74;70;;
КРК2701;Коробка разветвительная открытой установки КРК2701;series27;Открытой установки;60;60;30;;;;;;;71;IP20;400В;88;-25...+60;Полипропилен;650 С;Полистирол;;;;30;11;ЛОЖЬ;ЛОЖЬ;ЛОЖЬ;;;;60;60;56;56;;;;;;;;;;;;;;;;белый
КРК270102;Коробка разветвительная открытой установки КРК270102;series27;Открытой установки;60;60;30;;;;;;;71;IP20;400В;88;-25...+60;Полипропилен;650 С;Полистирол;;;;30;11;ЛОЖЬ;ЛОЖЬ;ЛОЖЬ;;;;60;60;56;56;;;;;;;;;;;;;;;;слоновая кость
КРК27010201;Коробка разветвительная открытой установки КРК27010201;series27;Открытой установки;60;60;30;;;;;;;71;IP20;400В;88;-25...+60;Полипропилен;650 С;Полистирол;;;;30;11;ЛОЖЬ;ЛОЖЬ;ЛОЖЬ;;;;60;60;56;56;;;;;;;;;;;;;;;;сосна
КРК2702;Коробка разветвительная открытой установки КРК2702;series27;Открытой установки;75;75;30;;;;;;;71;IP20;400В;60;-25...+60;Полипропилен;650 С;Полистирол;;;;30;11;ЛОЖЬ;ЛОЖЬ;ЛОЖЬ;;;;75;75;71;71;;;;;;;;;;;;;;;;белый
КРК270202;Коробка разветвительная открытой установки КРК270202;series27;Открытой установки;75;75;30;;;;;;;71;IP20;400В;60;-25...+60;Полипропилен;650 С;Полистирол;;;;30;11;ЛОЖЬ;ЛОЖЬ;ЛОЖЬ;;;;75;75;71;71;;;;;;;;;;;;;;;;слоновая кость
КРК27020201;Коробка разветвительная открытой установки КРК27020201;series27;Открытой установки;75;75;30;;;;;;;71;IP20;400В;60;-25...+60;Полипропилен;650 С;Полистирол;;;;30;11;ЛОЖЬ;ЛОЖЬ;ЛОЖЬ;;;;75;75;71;71;;;;;;;;;;;;;;;;сосна
КУП1101;Коробка уравнивания потенциалов КУП1101;series11;Сплошные стены;90;90;49,5;;;;102;102;50;71;IP20;400В;15;-25...+60;Полипропилен;650 С;;;;;;12;ЛОЖЬ;ЛОЖЬ;ЛОЖЬ;;;;;;;;;;;;;;;;;;;;;;;
КУП1102;Коробка уравнивания потенциалов КУП1102;series11;Сплошные стены;112;92;58,5;;;;120;100;60;71;IP20;400В;6;-25...+60;Полипропилен;650 С;;;;;;12;ЛОЖЬ;ЛОЖЬ;ЛОЖЬ;;;;;;;;;;;;;;;;;;;;;;;
КУП1204;Коробка уравнивания потенциалов КУП1204;series12;Полые стены и перегородки;156;136;68;;;;160;140;70;71;IP20;400В;4;-25...+60;Полипропилен с антипиреном;850 С;;;;;;12;ЛОЖЬ;ЛОЖЬ;ЛОЖЬ;;;;;;;;;;;;;;;;;;;;;;;
КУП1201;Коробка уравнивания потенциалов КУП1201;series12;Полые стены и перегородки;103;103;43;;;;106;106;45;71;IP20;400В;12;-25...+60;Полипропилен с антипиреном;850 С;;;;;;12;ЛОЖЬ;ЛОЖЬ;ЛОЖЬ;;;;;;;;;;;;;;;;;;;;;;;
КУП2603;Коробка уравнивания потенциалов КУП2603;series26;Открытой установки;85;85;40;;;;;;;71;IP20;400В;21;-25...+60;Полипропилен и ПВД;650 С;;;;;;12;ЛОЖЬ;ЛОЖЬ;ЛОЖЬ;;;;;;;;;;;;;;;;;;;;;;;
КУП2604;Коробка уравнивания потенциалов КУП2604;series26;Открытой установки;100;100;50;;;;;;;71;IP20;400В;9;-25...+60;Полипропилен и ПВД;650 С;;;;;;12;ЛОЖЬ;ЛОЖЬ;ЛОЖЬ;;;;;;;;;;;;;;;;;;;;;;;
